t,xc,yc,zc,rx_degc,ry_degc,rz_degc,vx,vy,vz,rx,ry,rz
200.00,0.00,0.00,0.00,0.00,0.00,0.00,-0.08,0.20,-0.12,-120.00,0.00,0.00
200.33,-0.00,0.03,0.01,0.06,0.02,-0.02,-0.07,0.20,-0.12,-119.94,0.02,-0.02
200.67,-0.00,0.06,0.01,0.12,0.03,-0.03,-0.06,0.20,-0.12,-119.88,0.03,-0.03
201.00,-0.00,0.09,0.02,0.14,0.12,0.10,-0.05,0.21,-0.13,-119.81,0.04,-0.05
201.33,-0.01,0.12,0.02,0.21,0.13,0.09,-0.05,0.22,-0.14,-119.75,0.06,-0.06
201.67,-0.01,0.15,0.03,0.29,0.14,0.08,-0.04,0.23,-0.14,-119.67,0.07,-0.06
202.00,-0.00,0.18,0.05,0.22,0.25,0.27,-0.04,0.24,-0.14,-119.58,0.10,-0.07
202.33,0.00,0.21,0.07,0.30,0.27,0.27,-0.04,0.24,-0.14,-119.49,0.12,-0.07
202.67,0.01,0.24,0.08,0.39,0.28,0.26,-0.03,0.23,-0.14,-119.41,0.13,-0.08
203.00,0.01,0.27,0.09,0.30,0.43,0.54,-0.02,0.22,-0.13,-119.33,0.14,-0.09
203.33,0.01,0.30,0.10,0.37,0.43,0.54,-0.01,0.21,-0.12,-119.26,0.15,-0.09
203.67,0.02,0.33,0.11,0.44,0.43,0.53,-0.00,0.22,-0.12,-119.19,0.15,-0.10
204.00,0.02,0.36,0.11,0.09,0.49,0.80,0.00,0.23,-0.14,-119.13,0.14,-0.11
204.33,0.02,0.40,0.12,0.16,0.48,0.79,0.01,0.24,-0.15,-119.06,0.13,-0.12
204.67,0.03,0.43,0.13,0.25,0.47,0.78,0.01,0.26,-0.17,-118.97,0.12,-0.13
205.00,0.02,0.45,0.15,0.52,0.21,0.24,0.01,0.28,-0.19,-118.86,0.10,-0.14
205.33,0.02,0.47,0.17,0.64,0.19,0.22,0.01,0.29,-0.20,-118.74,0.08,-0.15
205.67,0.02,0.50,0.19,0.76,0.18,0.21,0.00,0.27,-0.19,-118.62,0.07,-0.16
206.00,0.02,0.51,0.22,1.19,0.15,0.13,-0.01,0.24,-0.16,-118.51,0.07,-0.17
206.33,0.02,0.53,0.24,1.28,0.14,0.11,-0.01,0.19,-0.12,-118.42,0.07,-0.17
206.67,0.03,0.56,0.24,1.33,0.13,0.09,-0.02,0.14,-0.08,-118.37,0.07,-0.18
207.00,0.04,0.58,0.23,1.31,0.16,0.12,-0.02,0.10,-0.04,-118.35,0.08,-0.19
207.33,0.05,0.61,0.22,1.31,0.15,0.08,-0.02,0.07,-0.02,-118.35,0.09,-0.20
207.67,0.05,0.64,0.21,1.31,0.13,0.03,-0.02,0.07,-0.02,-118.36,0.09,-0.21
208.00,0.06,0.66,0.20,1.30,0.15,0.12,-0.01,0.10,-0.05,-118.36,0.09,-0.23
208.33,0.07,0.69,0.20,1.32,0.11,0.06,0.01,0.14,-0.08,-118.34,0.09,-0.24
208.67,0.07,0.71,0.21,1.37,0.07,0.00,0.02,0.18,-0.12,-118.28,0.08,-0.24
209.00,0.09,0.72,0.23,1.37,0.12,0.10,0.03,0.23,-0.15,-118.18,0.07,-0.24
209.33,0.09,0.73,0.25,1.48,0.06,0.04,0.04,0.26,-0.18,-118.07,0.05,-0.24
209.67,0.09,0.76,0.27,1.59,0.01,-0.03,0.04,0.26,-0.19,-117.96,0.03,-0.24
210.00,0.09,0.78,0.28,1.57,0.01,0.02,0.03,0.25,-0.18,-117.86,0.01,-0.24
210.33,0.09,0.80,0.29,1.67,-0.05,-0.06,0.01,0.23,-0.16,-117.77,0.01,-0.23
210.67,0.09,0.83,0.30,1.74,-0.09,-0.15,-0.01,0.22,-0.16,-117.69,0.01,-0.23
211.00,0.10,0.87,0.29,1.62,-0.11,-0.05,-0.03,0.23,-0.16,-117.63,0.03,-0.23
211.33,0.10,0.91,0.28,1.68,-0.14,-0.15,-0.07,0.22,-0.16,-117.57,0.06,-0.23
211.67,0.08,0.93,0.29,1.77,-0.16,-0.25,-0.15,0.20,-0.13,-117.48,0.08,-0.23
212.00,0.04,0.92,0.33,1.69,-0.04,-0.16,-0.27,0.15,-0.08,-117.37,0.11,-0.24
212.33,-0.02,0.91,0.38,1.78,-0.02,-0.27,-0.41,0.09,-0.02,-117.29,0.20,-0.24
212.67,-0.05,0.92,0.39,1.80,0.11,-0.39,-0.56,0.01,0.06,-117.27,0.40,-0.23
213.00,-0.04,0.93,0.39,1.72,0.71,-0.19,-0.70,-0.09,0.16,-117.33,0.72,-0.26
213.33,-0.06,0.95,0.38,1.61,1.02,-0.30,-0.80,-0.17,0.24,-117.44,1.09,-0.25
213.67,-0.11,0.96,0.37,1.48,1.33,-0.41,-0.79,-0.19,0.26,-117.55,1.47,-0.25
214.00,-0.12,0.99,0.35,1.42,1.14,-0.77,-0.70,-0.15,0.23,-117.68,1.86,-0.24
214.33,-0.14,1.01,0.34,1.30,1.40,-0.90,-0.55,-0.08,0.17,-117.79,2.19,-0.23
214.67,-0.18,1.02,0.36,1.25,1.54,-1.03,-0.40,-0.01,0.11,-117.83,2.39,-0.23
215.00,-0.25,1.00,0.40,0.52,1.64,-0.58,-0.24,0.06,0.04,-117.80,2.46,-0.22
215.33,-0.31,1.00,0.45,0.57,1.56,-0.72,-0.11,0.12,-0.02,-117.74,2.47,-0.21
215.67,-0.34,1.01,0.47,0.62,1.48,-0.88,-0.05,0.16,-0.06,-117.69,2.47,-0.21
216.00,-0.35,1.03,0.48,-0.13,1.94,-0.86,-0.04,0.17,-0.07,-117.65,2.45,-0.22
216.33,-0.37,1.06,0.49,-0.09,1.83,-1.04,-0.06,0.18,-0.08,-117.60,2.45,-0.22
216.67,-0.37,1.09,0.50,-0.04,1.74,-1.23,-0.08,0.19,-0.08,-117.55,2.46,-0.23
217.00,-0.38,1.09,0.53,0.28,2.84,-1.34,-0.09,0.20,-0.09,-117.48,2.49,-0.25
217.33,-0.38,1.12,0.54,0.33,2.74,-1.61,-0.09,0.21,-0.10,-117.41,2.53,-0.27
217.67,-0.38,1.14,0.56,0.39,2.62,-1.89,-0.08,0.22,-0.11,-117.33,2.55,-0.28
218.00,-0.40,1.16,0.58,1.06,2.13,-3.49,-0.06,0.22,-0.11,-117.25,2.55,-0.29
218.33,-0.40,1.18,0.60,1.12,1.95,-3.83,-0.03,0.22,-0.10,-117.18,2.54,-0.31
218.67,-0.41,1.21,0.62,1.19,1.75,-4.20,-0.03,0.21,-0.09,-117.10,2.52,-0.32
219.00,-0.43,1.23,0.65,1.92,-0.44,-5.98,-0.04,0.20,-0.08,-117.03,2.49,-0.33
219.33,-0.45,1.25,0.67,1.99,-0.68,-6.42,-0.07,0.18,-0.06,-116.97,2.47,-0.34
219.67,-0.47,1.28,0.68,2.05,-0.91,-6.90,-0.11,0.16,-0.05,-116.92,2.49,-0.35
220.00,-0.47,1.30,0.69,1.87,-3.39,-6.37,-0.16,0.14,-0.03,-116.88,2.53,-0.36
220.33,-0.48,1.32,0.71,1.86,-3.64,-6.97,-0.21,0.12,-0.02,-116.85,2.60,-0.37
220.67,-0.49,1.35,0.71,1.84,-3.90,-7.62,-0.23,0.13,-0.03,-116.83,2.67,-0.40
221.00,-0.49,1.38,0.71,-0.99,-1.08,-8.37,-0.24,0.15,-0.05,-116.82,2.74,-0.45
221.33,-0.50,1.42,0.70,-1.04,-1.43,-9.13,-0.23,0.19,-0.08,-116.79,2.81,-0.49
221.67,-0.50,1.45,0.71,-1.06,-1.82,-9.92,-0.20,0.24,-0.12,-116.72,2.86,-0.53
222.00,-0.56,1.45,0.74,0.72,0.05,-9.06,-0.16,0.30,-0.17,-116.62,2.89,-0.57
222.33,-0.57,1.48,0.77,0.72,-0.44,-10.07,-0.12,0.36,-0.22,-116.49,2.92,-0.59
222.67,-0.58,1.52,0.78,0.74,-0.96,-11.14,-0.10,0.43,-0.27,-116.35,2.93,-0.60
223.00,-0.63,1.57,0.79,3.90,-0.43,-13.07,-0.10,0.50,-0.33,-116.20,2.93,-0.60
223.33,-0.65,1.63,0.80,4.08,-1.11,-14.28,-0.13,0.56,-0.38,-116.01,2.95,-0.60
223.67,-0.67,1.68,0.83,4.31,-1.78,-15.58,-0.16,0.62,-0.42,-115.79,3.00,-0.59
224.00,-0.81,1.68,0.88,4.86,-4.72,-17.39,-0.21,0.67,-0.45,-115.47,3.05,-0.59
224.33,-0.82,1.72,0.92,4.99,-5.16,-19.42,-0.24,0.70,-0.46,-115.18,3.15,-0.59
224.67,-0.83,1.78,0.95,5.11,-5.62,-21.56,-0.25,0.69,-0.45,-114.91,3.24,-0.59
225.00,-0.79,1.88,0.96,7.11,-6.62,-22.75,-0.23,0.63,-0.40,-114.73,3.38,-0.55
225.33,-0.79,1.92,1.00,7.76,-8.02,-25.24,-0.20,0.57,-0.35,-114.49,3.46,-0.56
225.67,-0.80,1.98,1.01,8.48,-9.49,-27.82,-0.16,0.51,-0.31,-114.30,3.51,-0.58
226.00,-0.79,1.94,1.04,11.44,-9.78,-27.19,-0.13,0.47,-0.27,-114.09,3.50,-0.56
226.33,-0.81,2.01,1.03,12.74,-9.95,-30.41,-0.11,0.44,-0.25,-113.97,3.50,-0.58
226.67,-0.82,2.06,1.05,14.12,-10.05,-33.82,-0.09,0.43,-0.24,-113.83,3.51,-0.59
227.00,-0.77,2.14,1.04,14.50,-12.35,-38.92,-0.08,0.43,-0.23,-113.69,3.57,-0.59
227.33,-0.76,2.16,1.07,18.48,-14.17,-43.95,-0.08,0.43,-0.23,-113.51,3.60,-0.60
227.67,-0.77,2.20,1.10,23.06,-15.85,-49.63,-0.07,0.40,-0.21,-113.36,3.62,-0.60
228.00,-0.94,1.97,1.19,30.73,-19.87,-55.00,-0.06,0.36,-0.17,-112.96,3.61,-0.53
228.33,-0.95,2.01,1.22,35.21,-16.54,-60.32,-0.05,0.31,-0.13,-112.85,3.62,-0.52
228.67,-0.96,2.04,1.24,39.12,-12.71,-65.19,-0.06,0.25,-0.08,-112.76,3.62,-0.52
229.00,-1.16,2.12,1.20,43.84,-9.07,-67.04,-0.08,0.19,-0.04,-112.65,3.63,-0.50
229.33,-1.17,2.15,1.22,42.22,-3.18,-63.26,-0.11,0.14,0.00,-112.61,3.65,-0.51
229.67,-1.18,2.18,1.23,41.01,3.15,-59.63,-0.14,0.12,0.02,-112.59,3.68,-0.52
230.00,-1.80,2.70,0.99,43.02,10.67,-53.85,-0.17,0.12,0.01,-112.16,3.95,0.05
230.33,-1.80,2.74,0.99,57.30,13.07,-36.64,-0.20,0.16,-0.02,-112.17,4.01,0.02
230.67,-1.81,2.78,1.00,72.90,12.88,-18.05,-0.21,0.22,-0.06,-112.13,4.07,-0.01
231.00,-1.22,2.32,1.23,85.96,10.98,-4.29,-0.23,0.32,-0.15,-113.02,3.47,-0.29
231.33,-1.23,2.35,1.25,92.46,13.83,10.77,-0.22,0.40,-0.21,-112.89,3.52,-0.32
231.67,-1.24,2.38,1.29,99.96,15.01,26.94,-0.22,0.44,-0.24,-112.72,3.58,-0.35
232.00,-6.17,1.33,1.78,109.06,17.12,41.50,-0.23,0.42,-0.27,-109.51,2.84,-0.48
232.33,-6.19,1.32,1.82,109.22,-4.91,49.09,-0.21,0.35,-0.22,-109.31,2.89,-0.50
232.67,-6.21,1.32,1.83,105.63,-27.83,58.43,-0.17,0.21,-0.13,-109.18,2.94,-0.52
233.00,-3.49,0.60,2.07,94.40,-47.93,73.81,-0.10,0.04,0.05,-109.02,2.83,1.79
233.33,-3.49,0.60,2.09,95.53,-58.84,71.50,-0.04,-0.19,0.20,-109.06,2.86,1.77
233.67,-3.49,0.62,2.08,97.83,-71.28,67.83,0.03,-0.38,0.32,-109.21,2.82,1.74
234.00,-3.47,0.08,2.23,103.76,-81.21,59.57,0.23,-0.52,0.47,-108.43,5.39,2.15
234.33,-3.44,0.13,2.21,103.78,-80.18,59.03,0.31,-0.60,0.51,-108.75,5.25,2.08
234.67,-3.42,0.14,2.21,103.55,-80.89,58.97,0.36,-0.57,0.49,-109.05,5.08,2.02
235.00,-2.58,-0.44,2.42,105.91,-82.55,57.32,0.45,-0.39,0.43,-110.07,4.85,0.63
235.33,-2.56,-0.41,2.43,102.13,-84.69,62.32,0.42,-0.22,0.30,-110.27,4.66,0.59
235.67,-2.52,-0.40,2.47,95.94,-87.55,70.50,0.36,-0.06,0.19,-110.35,4.51,0.57
236.00,-3.18,-1.08,2.71,86.46,-92.68,78.19,0.21,0.05,0.06,-112.00,2.17,1.01
236.33,-3.16,-1.10,2.77,87.32,-110.74,76.77,0.12,0.16,-0.02,-111.91,2.12,1.02
236.67,-3.14,-1.09,2.81,86.95,-125.23,75.60,0.05,0.22,-0.07,-111.83,2.11,1.03
237.00,-3.25,-1.28,2.97,79.70,-137.63,68.42,-0.01,0.24,-0.11,-111.69,1.74,-0.46
237.33,-3.24,-1.25,2.98,83.26,-135.06,73.34,-0.03,0.24,-0.11,-111.62,1.78,-0.45
237.67,-3.24,-1.22,2.99,86.91,-119.99,55.76,-0.03,0.23,-0.10,-111.54,1.81,-0.43
238.00,-3.46,-1.95,3.38,75.24,-108.77,35.02,0.00,0.23,-0.09,-111.19,3.16,-0.96
238.33,-3.45,-1.93,3.40,65.83,-93.30,9.31,0.04,0.22,-0.09,-111.11,3.19,-0.93
238.67,-3.45,-1.90,3.41,60.82,-91.08,1.60,0.07,0.21,-0.08,-111.04,3.19,-0.89
239.00,-3.50,-1.83,3.32,61.38,-104.39,5.70,0.11,0.19,-0.08,-110.97,3.19,-1.13
239.33,-3.50,-1.80,3.33,61.62,-102.19,4.42,0.14,0.19,-0.07,-110.93,3.17,-1.07
239.67,-3.50,-1.76,3.33,61.00,-91.70,1.83,0.15,0.20,-0.08,-110.88,3.15,-1.02
240.00,-3.42,-2.31,3.69,56.66,-89.40,0.49,0.15,0.22,-0.10,-110.88,3.31,-0.71
240.33,-3.42,-2.28,3.69,57.10,-88.31,18.87,0.15,0.24,-0.12,-110.81,3.27,-0.67
240.67,-3.41,-2.25,3.70,53.75,-82.45,11.95,0.14,0.26,-0.13,-110.73,3.23,-0.65
241.00,-3.25,-1.69,3.38,55.60,-76.73,20.38,0.13,0.27,-0.14,-110.78,3.18,-1.82
241.33,-3.24,-1.66,3.39,56.71,-78.47,35.22,0.13,0.27,-0.14,-110.68,3.13,-1.82
241.67,-3.23,-1.63,3.40,50.92,-77.82,35.79,0.13,0.27,-0.15,-110.60,3.08,-1.83
242.00,-3.15,-1.36,3.26,50.55,-86.88,47.22,0.13,0.27,-0.16,-110.53,2.70,-1.98
242.33,-3.14,-1.31,3.26,59.80,-92.79,32.60,0.14,0.27,-0.16,-110.46,2.65,-1.98
242.67,-3.13,-1.28,3.26,66.39,-77.44,8.40,0.15,0.28,-0.16,-110.38,2.59,-1.98
243.00,-3.07,-1.38,3.39,73.81,-67.74,9.65,0.14,0.28,-0.17,-110.27,2.49,-1.97
243.33,-3.07,-1.36,3.40,76.66,-81.41,15.70,0.12,0.26,-0.15,-110.16,2.43,-1.97
243.67,-3.07,-1.35,3.42,75.25,-85.96,7.04,0.07,0.20,-0.11,-110.07,2.38,-1.97
244.00,-2.87,-1.66,3.69,70.37,-65.13,10.70,-0.00,0.10,-0.04,-109.74,2.23,-1.72
244.33,-2.88,-1.66,3.71,63.33,-77.51,9.77,-0.08,-0.01,0.05,-109.72,2.23,-1.71
244.67,-2.89,-1.65,3.70,64.91,-94.12,13.45,-0.14,-0.12,0.12,-109.77,2.29,-1.69
245.00,-2.84,-1.56,3.70,62.69,-76.93,17.48,-0.19,-0.22,0.19,-110.03,2.40,-1.61
245.33,-2.83,-1.52,3.66,59.38,-66.03,5.40,-0.20,-0.28,0.24,-110.20,2.54,-1.57
245.67,-2.84,-1.51,3.63,62.26,-69.94,1.13,-0.19,-0.29,0.25,-110.36,2.66,-1.53
246.00,-3.07,-1.71,3.80,64.77,-72.77,-3.33,-0.11,-0.25,0.23,-110.65,3.44,-1.58
246.33,-3.07,-1.69,3.79,63.83,-68.76,0.23,-0.05,-0.17,0.17,-110.78,3.52,-1.54
246.67,-3.08,-1.69,3.79,66.36,-66.83,0.12,0.01,-0.10,0.11,-110.85,3.55,-1.51
247.00,-3.09,-1.85,3.86,67.70,-67.34,-0.42,0.06,-0.02,0.05,-110.94,3.58,-1.41
247.33,-3.09,-1.86,3.88,68.09,-63.73,-1.54,0.11,0.04,0.00,-110.92,3.55,-1.40
247.67,-3.08,-1.85,3.89,67.11,-57.86,-4.32,0.14,0.09,-0.03,-110.90,3.51,-1.38
248.00,-3.33,-1.09,3.38,68.90,-65.54,-10.82,0.16,0.12,-0.04,-110.70,3.58,-1.22
248.33,-3.31,-1.07,3.38,68.93,-68.94,7.82,0.17,0.13,-0.06,-110.67,3.55,-1.20
248.67,-3.29,-1.05,3.39,66.15,-64.59,12.43,0.18,0.15,-0.07,-110.63,3.51,-1.19
249.00,-3.82,-0.25,2.86,63.28,-69.03,16.07,0.20,0.16,-0.07,-110.69,3.92,-1.95
249.33,-3.80,-0.23,2.87,54.36,-73.25,21.07,0.20,0.18,-0.08,-110.63,3.86,-1.93
249.67,-3.77,-0.20,2.88,52.31,-76.99,9.91,0.20,0.20,-0.09,-110.58,3.81,-1.92
250.00,-3.88,0.17,2.66,54.96,-68.67,10.25,0.19,0.21,-0.10,-110.47,3.45,-2.58
250.33,-3.85,0.20,2.67,59.23,-63.34,18.04,0.19,0.23,-0.11,-110.40,3.41,-2.57
250.67,-3.83,0.22,2.69,62.88,-62.00,17.64,0.19,0.23,-0.12,-110.32,3.37,-2.55
251.00,-3.87,-0.37,3.25,52.93,-59.13,22.25,0.21,0.23,-0.11,-110.47,4.52,-2.80
251.33,-3.83,-0.36,3.28,51.56,-48.40,25.29,0.23,0.21,-0.10,-110.37,4.50,-2.76
251.67,-3.80,-0.34,3.30,46.01,-53.62,27.18,0.25,0.18,-0.08,-110.30,4.46,-2.73
252.00,-3.64,-0.68,3.60,43.03,-41.99,26.92,0.29,0.15,-0.04,-109.79,5.36,-0.93
252.33,-3.61,-0.66,3.62,52.38,-37.77,35.46,0.31,0.11,-0.01,-109.76,5.29,-0.89
252.67,-3.57,-0.63,3.63,51.13,-27.17,42.37,0.31,0.10,-0.00,-109.75,5.22,-0.87
253.00,-2.41,-1.18,4.17,45.42,-21.88,48.11,0.29,0.10,-0.00,-109.31,3.53,0.85
253.33,-2.38,-1.14,4.17,44.61,-15.87,47.42,0.27,0.12,-0.02,-109.30,3.46,0.87
253.67,-2.35,-1.13,4.19,48.61,-18.60,46.23,0.25,0.14,-0.03,-109.26,3.39,0.88
254.00,-2.45,-0.84,3.91,50.58,-20.02,45.98,0.23,0.17,-0.04,-109.03,4.24,2.34
254.33,-2.41,-0.83,3.95,47.13,-22.31,46.62,0.20,0.18,-0.04,-108.95,4.19,2.35
254.67,-2.37,-0.82,3.97,47.61,-21.08,46.53,0.19,0.18,-0.04,-108.90,4.17,2.36
255.00,-2.17,-1.19,4.27,50.89,-25.21,55.44,0.20,0.15,-0.02,-108.49,3.91,3.14
255.33,-2.12,-1.17,4.29,43.08,-20.56,63.41,0.20,0.11,0.01,-108.46,3.89,3.16
255.67,-2.09,-1.16,4.32,37.46,-22.82,76.05,0.19,0.06,0.04,-108.43,3.86,3.17
256.00,-1.79,-1.68,4.78,39.40,-26.50,76.22,0.17,0.00,0.08,-108.05,3.28,3.60
256.33,-1.77,-1.69,4.81,38.98,-27.06,68.07,0.14,-0.06,0.11,-108.06,3.25,3.62
256.67,-1.74,-1.68,4.82,29.01,-25.69,49.16,0.09,-0.13,0.15,-108.11,3.26,3.64
257.00,-1.53,-2.07,5.18,30.21,-30.24,45.93,0.04,-0.19,0.21,-108.30,3.26,2.03
257.33,-1.50,-2.06,5.18,30.81,-24.47,59.61,0.00,-0.24,0.24,-108.42,3.34,2.06
257.67,-1.46,-2.05,5.19,33.24,-29.57,66.05,-0.01,-0.25,0.25,-108.54,3.44,2.10
258.00,-1.11,-2.25,5.41,35.98,-25.12,66.36,0.01,-0.20,0.23,-108.85,3.63,1.35
258.33,-1.07,-2.22,5.41,48.20,-27.55,61.82,0.05,-0.14,0.19,-108.96,3.72,1.40
258.67,-1.04,-2.21,5.43,56.20,-14.71,62.61,0.10,-0.07,0.15,-109.02,3.76,1.44
259.00,-1.09,-2.01,5.36,50.99,-17.02,65.25,0.15,0.02,0.09,-109.01,3.61,1.12
259.33,-1.07,-2.01,5.40,51.96,-25.36,65.54,0.19,0.10,0.04,-108.98,3.58,1.15
259.67,-1.03,-2.01,5.44,60.07,-24.89,62.40,0.22,0.16,0.01,-108.93,3.56,1.18
260.00,-0.96,-2.19,5.62,59.01,-23.16,63.75,0.24,0.18,-0.01,-108.97,3.61,1.09
260.33,-0.91,-2.18,5.66,66.41,-18.59,63.16,0.25,0.18,-0.01,-108.90,3.59,1.12
260.67,-0.87,-2.16,5.70,60.57,-18.50,62.09,0.27,0.17,-0.01,-108.84,3.55,1.16
261.00,-0.78,-2.53,6.09,61.04,-26.80,60.00,0.30,0.17,0.01,-108.66,4.14,1.84
261.33,-0.74,-2.50,6.11,66.60,-29.12,71.49,0.32,0.16,0.01,-108.62,4.08,1.87
261.67,-0.69,-2.47,6.15,61.06,-26.01,71.64,0.32,0.17,0.01,-108.58,4.01,1.90
262.00,-0.21,-2.85,6.56,67.58,-31.96,71.38,0.30,0.20,-0.01,-108.27,3.48,3.08
262.33,-0.16,-2.83,6.59,55.20,-24.81,76.90,0.29,0.22,-0.03,-108.21,3.42,3.11
262.67,-0.12,-2.81,6.63,42.90,-21.17,73.69,0.27,0.23,-0.03,-108.13,3.37,3.13
263.00,-0.02,-3.08,6.93,34.15,-15.66,73.62,0.24,0.21,-0.02,-107.96,2.81,2.87
263.33,0.02,-3.08,6.98,31.55,-12.80,79.87,0.22,0.19,-0.01,-107.87,2.78,2.89
263.67,0.07,-3.07,7.02,28.90,-15.70,70.59,0.22,0.14,0.02,-107.81,2.76,2.91
264.00,0.15,-3.22,7.18,36.52,-13.21,59.88,0.23,0.08,0.06,-107.79,2.75,2.72
264.33,0.20,-3.21,7.21,43.10,-4.59,56.79,0.25,0.02,0.10,-107.78,2.72,2.73
264.67,0.25,-3.20,7.24,39.61,1.65,55.75,0.28,-0.03,0.13,-107.80,2.68,2.75
265.00,0.33,-3.32,7.37,29.45,6.08,52.40,0.32,-0.06,0.15,-107.80,2.82,2.83
265.33,0.38,-3.31,7.39,25.79,5.34,58.81,0.36,-0.08,0.16,-107.85,2.76,2.86
265.67,0.42,-3.31,7.42,28.56,1.89,72.82,0.40,-0.09,0.17,-107.90,2.69,2.89
266.00,0.44,-3.34,7.43,28.91,-2.28,71.70,0.43,-0.09,0.17,-107.93,2.61,2.93
266.33,0.49,-3.34,7.46,37.19,-10.10,70.89,0.44,-0.09,0.17,-107.97,2.51,2.97
266.67,0.54,-3.35,7.50,37.11,-8.72,66.46,0.45,-0.10,0.18,-108.01,2.42,3.01
267.00,0.51,-3.16,7.28,27.85,-19.34,60.43,0.45,-0.12,0.20,-108.14,1.99,2.79
267.33,0.56,-3.18,7.33,24.88,-28.32,47.64,0.45,-0.18,0.24,-108.19,1.90,2.84
267.67,0.62,-3.21,7.38,17.23,-40.17,49.67,0.46,-0.31,0.33,-108.25,1.82,2.89
268.00,0.23,-2.92,7.03,26.97,-44.25,63.64,0.49,-0.52,0.46,-108.42,1.66,3.08
268.33,0.29,-3.01,7.10,22.23,-45.20,67.01,0.52,-0.77,0.62,-108.60,1.56,3.13
268.67,0.35,-3.06,7.12,23.84,-47.41,67.01,0.55,-1.01,0.79,-108.95,1.44,3.15
269.00,-0.96,-2.85,6.87,24.18,-43.21,67.34,0.68,-1.27,0.98,-109.42,3.71,4.10
269.33,-0.89,-2.88,6.85,27.34,-37.55,62.23,0.70,-1.44,1.11,-110.04,3.56,4.10
269.67,-0.83,-2.93,6.83,36.81,-34.59,64.29,0.69,-1.45,1.15,-110.69,3.40,4.11
270.00,-2.68,-2.66,6.44,33.96,-25.71,64.27,0.78,-1.33,1.10,-111.21,0.59,3.95
270.33,-2.61,-2.67,6.42,38.09,-23.95,59.19,0.71,-1.11,0.97,-111.80,0.45,3.97
270.67,-2.52,-2.74,6.46,35.27,-19.55,59.02,0.63,-0.87,0.81,-112.21,0.35,3.99
271.00,-2.88,-2.67,6.30,32.89,-10.80,58.13,0.52,-0.61,0.64,-112.89,-0.33,1.75
271.33,-2.78,-2.77,6.43,38.42,-9.16,63.04,0.45,-0.38,0.47,-112.98,-0.38,1.78
271.67,-2.68,-2.83,6.53,38.72,-6.90,53.69,0.40,-0.23,0.37,-113.05,-0.42,1.80
272.00,-2.74,-2.65,6.32,47.51,1.86,48.51,0.37,-0.19,0.32,-112.44,-1.89,1.56
272.33,-2.65,-2.69,6.41,46.81,11.15,46.05,0.36,-0.18,0.32,-112.46,-1.92,1.58
272.67,-2.57,-2.72,6.48,51.41,8.64,47.18,0.36,-0.17,0.31,-112.51,-1.95,1.60
273.00,-2.62,-2.61,6.40,44.33,-1.02,44.18,0.37,-0.17,0.31,-112.18,-1.77,2.35
273.33,-2.54,-2.62,6.46,43.21,1.18,49.26,0.36,-0.16,0.30,-112.24,-1.81,2.37
273.67,-2.46,-2.64,6.53,44.25,10.32,46.53,0.36,-0.13,0.28,-112.28,-1.84,2.40
274.00,-2.63,-2.43,6.30,39.33,11.41,47.90,0.35,-0.07,0.24,-112.36,-1.78,2.22
274.33,-2.55,-2.45,6.37,36.53,8.78,32.62,0.34,-0.03,0.20,-112.36,-1.81,2.25
274.67,-2.47,-2.48,6.46,32.39,22.68,41.80,0.33,-0.01,0.19,-112.33,-1.83,2.28
275.00,-2.57,-2.30,6.25,36.33,35.59,41.57,0.33,-0.02,0.20,-112.12,-2.38,1.90
275.33,-2.49,-2.34,6.35,34.05,35.10,48.52,0.34,-0.09,0.25,-112.08,-2.39,1.94
275.67,-2.42,-2.39,6.45,40.67,31.37,58.50,0.36,-0.21,0.36,-112.08,-2.41,1.98
276.00,-2.36,-2.41,6.51,45.01,33.76,64.65,0.38,-0.41,0.51,-112.13,-2.48,2.00
276.33,-2.29,-2.47,6.60,44.79,33.62,56.28,0.40,-0.62,0.68,-112.29,-2.53,2.02
276.67,-2.21,-2.52,6.67,46.92,32.45,50.22,0.40,-0.82,0.84,-112.58,-2.58,2.02
277.00,-2.07,-2.59,6.76,45.11,30.44,41.24,0.40,-0.98,0.99,-112.94,-2.65,1.96
277.33,-2.01,-2.61,6.78,54.77,31.93,38.61,0.38,-1.09,1.09,-113.44,-2.72,1.95
277.67,-1.93,-2.65,6.81,47.28,32.67,37.38,0.36,-1.09,1.11,-113.94,-2.74,1.94
278.00,-1.83,-2.66,6.85,52.13,29.70,33.86,0.33,-0.99,1.04,-114.48,-2.79,1.88
278.33,-1.75,-2.68,6.87,64.01,31.38,33.93,0.32,-0.84,0.92,-114.93,-2.77,1.89
278.67,-1.67,-2.72,6.93,70.01,33.27,34.62,0.33,-0.67,0.78,-115.26,-2.77,1.91
279.00,-1.67,-2.75,6.92,65.49,34.02,35.90,0.36,-0.48,0.63,-115.54,-2.73,1.89
279.33,-1.58,-2.80,7.01,64.87,33.11,44.11,0.40,-0.32,0.49,-115.68,-2.77,1.90
279.67,-1.50,-2.84,7.10,62.50,32.45,43.14,0.43,-0.20,0.39,-115.77,-2.85,1.90
280.00,-1.32,-2.93,7.36,49.99,26.70,46.33,0.47,-0.14,0.34,-115.58,-2.71,2.33
280.33,-1.24,-2.96,7.46,45.61,28.46,45.39,0.49,-0.10,0.31,-115.61,-2.84,2.32
280.67,-1.16,-2.97,7.54,45.11,31.17,41.74,0.49,-0.08,0.29,-115.65,-2.96,2.33
281.00,-1.06,-3.02,7.65,47.69,30.49,32.48,0.46,-0.06,0.28,-115.72,-3.03,2.41
281.33,-0.99,-3.01,7.71,46.23,42.91,31.82,0.42,-0.04,0.26,-115.76,-3.11,2.44
281.67,-0.91,-3.00,7.78,43.19,53.26,34.41,0.39,0.01,0.21,-115.78,-3.16,2.47
282.00,-0.72,-3.08,8.00,43.98,59.56,34.83,0.37,0.08,0.15,-115.88,-3.05,2.54
282.33,-0.62,-3.06,8.06,58.47,63.76,32.45,0.36,0.15,0.08,-115.84,-3.06,2.58
282.67,-0.54,-3.06,8.15,59.91,60.92,39.23,0.37,0.20,0.03,-115.75,-3.09,2.61
283.00,-0.40,-3.13,8.39,57.16,69.65,40.99,0.40,0.23,0.01,-115.51,-2.83,3.04
283.33,-0.31,-3.15,8.50,52.82,64.91,33.25,0.43,0.25,-0.00,-115.36,-2.89,3.09
283.67,-0.23,-3.14,8.58,52.91,55.75,37.12,0.44,0.24,0.00,-115.25,-2.96,3.13
284.00,-0.14,-3.08,8.65,58.10,51.49,33.81,0.42,0.21,0.03,-115.19,-3.03,3.18
284.33,-0.07,-3.05,8.70,61.64,49.32,38.43,0.40,0.20,0.03,-115.14,-3.09,3.23
284.67,0.02,-3.03,8.75,56.86,43.57,36.04,0.42,0.24,-0.01,-115.07,-3.13,3.26
285.00,0.11,-2.97,8.73,56.37,44.91,30.32,0.46,0.34,-0.09,-114.97,-3.06,3.34
285.33,0.25,-2.92,8.78,57.73,43.48,26.12,0.52,0.45,-0.19,-114.84,-3.11,3.35
285.67,0.35,-2.90,8.85,55.36,44.96,34.29,0.61,0.54,-0.27,-114.62,-3.26,3.36
286.00,0.48,-2.98,9.08,57.60,43.82,39.05,0.70,0.61,-0.33,-114.10,-3.33,4.00
286.33,0.55,-3.00,9.20,58.47,41.36,35.20,0.79,0.66,-0.36,-113.76,-3.63,4.01
286.67,0.63,-2.99,9.29,57.07,39.27,44.54,0.80,0.65,-0.35,-113.47,-3.93,4.03
287.00,0.76,-2.99,9.44,62.15,35.45,52.61,0.75,0.60,-0.30,-113.14,-4.11,4.26
287.33,0.83,-2.95,9.50,59.68,38.79,57.95,0.67,0.53,-0.23,-112.93,-4.35,4.29
287.67,0.95,-2.92,9.57,63.88,30.56,60.62,0.61,0.46,-0.18,-112.73,-4.51,4.31
288.00,1.10,-2.90,9.61,56.20,37.31,52.29,0.57,0.41,-0.13,-112.54,-4.58,4.35
288.33,1.26,-2.87,9.67,46.97,44.14,56.37,0.56,0.35,-0.08,-112.39,-4.63,4.36
288.67,1.38,-2.85,9.74,44.52,41.52,54.68,0.59,0.29,-0.03,-112.27,-4.74,4.36
289.00,1.46,-2.83,9.78,39.39,41.36,58.86,0.65,0.23,0.02,-112.19,-4.91,4.30
289.33,1.56,-2.81,9.83,51.45,47.09,59.44,0.71,0.18,0.06,-112.13,-5.13,4.28
289.67,1.68,-2.79,9.89,67.36,52.05,68.49,0.74,0.15,0.09,-112.09,-5.34,4.26
290.00,1.81,-2.75,9.94,69.78,46.40,57.26,0.74,0.14,0.10,-112.09,-5.55,4.24
290.33,1.92,-2.72,9.98,59.11,45.94,49.42,0.72,0.14,0.09,-112.08,-5.75,4.24
290.67,2.04,-2.71,10.03,64.00,45.84,43.37,0.69,0.16,0.08,-112.04,-5.93,4.24
291.00,2.21,-2.72,10.17,64.22,37.75,54.92,0.66,0.19,0.05,-111.98,-6.09,4.28
291.33,2.33,-2.72,10.24,63.34,30.50,55.40,0.64,0.22,0.03,-111.88,-6.23,4.29
291.67,2.44,-2.72,10.30,65.43,42.47,41.76,0.63,0.23,0.01,-111.79,-6.38,4.29
292.00,2.57,-2.72,10.39,63.10,55.46,39.01,0.63,0.23,0.01,-111.69,-6.53,4.32
292.33,2.68,-2.71,10.45,67.64,52.68,40.02,0.64,0.22,0.02,-111.60,-6.68,4.32
292.67,2.80,-2.70,10.51,60.95,52.02,37.13,0.65,0.21,0.02,-111.52,-6.83,4.32
293.00,2.87,-2.67,10.52,61.15,59.42,28.76,0.67,0.20,0.03,-111.45,-6.96,4.29
293.33,2.98,-2.66,10.58,76.33,54.60,41.09,0.68,0.20,0.03,-111.37,-7.12,4.30
293.67,3.09,-2.65,10.63,65.27,58.40,45.12,0.70,0.22,0.03,-111.30,-7.29,4.31
294.00,3.15,-2.62,10.64,68.60,59.10,35.36,0.71,0.24,0.02,-111.22,-7.43,4.28
294.33,3.26,-2.60,10.69,73.07,55.41,39.84,0.71,0.27,-0.00,-111.13,-7.60,4.29
294.67,3.37,-2.59,10.76,59.57,58.69,36.78,0.71,0.30,-0.02,-111.02,-7.78,4.31
295.00,3.43,-2.56,10.76,69.68,58.00,35.50,0.71,0.34,-0.05,-110.89,-7.96,4.25
295.33,3.54,-2.56,10.83,65.27,66.59,45.47,0.66,0.33,-0.04,-110.74,-8.12,4.27
295.67,3.62,-2.58,10.92,75.77,64.03,43.62,0.51,0.21,0.02,-110.59,-8.28,4.30
296.00,3.64,-2.64,11.03,65.67,66.07,39.41,0.28,-0.00,0.15,-110.42,-8.46,4.24
296.33,3.65,-2.73,11.14,73.62,66.90,54.02,-0.00,-0.29,0.31,-110.36,-8.47,4.30
296.67,3.72,-2.76,11.18,76.34,62.96,60.17,-0.27,-0.59,0.50,-110.51,-8.23,4.37
297.00,3.87,-2.75,11.17,81.49,67.43,65.00,-0.53,-0.91,0.71,-110.93,-7.81,4.29
297.33,4.00,-2.73,11.13,72.83,68.44,67.22,-0.69,-1.14,0.89,-111.42,-7.19,4.40
297.67,4.09,-2.72,11.09,63.36,71.99,63.20,-0.67,-1.17,0.93,-111.96,-6.59,4.49
298.00,4.11,-2.66,10.94,58.35,68.52,69.09,-0.46,-1.00,0.86,-112.42,-5.60,4.87
298.33,4.22,-2.60,10.87,65.50,69.55,67.08,-0.19,-0.72,0.68,-112.91,-5.14,4.94
298.67,4.29,-2.63,10.91,60.11,65.71,60.50,0.06,-0.43,0.48,-113.14,-4.94,4.98
299.00,4.58,-2.81,11.25,62.09,65.71,68.09,0.30,-0.13,0.25,-112.37,-5.18,6.29
299.33,4.61,-2.92,11.40,60.64,72.17,65.02,0.50,0.15,0.07,-112.23,-5.34,6.30
299.67,4.70,-2.96,11.51,60.99,86.63,68.31,0.62,0.28,-0.01,-112.08,-5.50,6.31
300.00,4.96,-3.00,11.72,67.29,82.92,65.72,0.66,0.29,-0.00,-111.84,-5.94,6.13
300.33,5.08,-3.02,11.82,74.76,78.77,60.27,0.66,0.23,0.05,-111.71,-6.08,6.15
300.67,5.19,-3.01,11.89,72.60,69.58,52.39,0.66,0.17,0.10,-111.63,-6.22,6.18
301.00,5.24,-2.99,11.89,68.84,70.66,57.39,0.66,0.12,0.13,-111.61,-6.37,6.22
301.33,5.35,-2.97,11.94,57.66,58.20,64.81,0.66,0.08,0.16,-111.61,-6.50,6.25
301.67,5.46,-2.97,12.00,55.95,57.63,75.58,0.65,0.07,0.17,-111.60,-6.63,6.29
302.00,5.44,-2.88,11.87,61.18,57.60,79.68,0.63,0.09,0.15,-111.68,-6.93,6.05
302.33,5.54,-2.89,11.95,64.23,52.73,74.81,0.62,0.11,0.14,-111.64,-7.06,6.08
302.67,5.65,-2.90,12.02,71.06,47.27,90.19,0.61,0.11,0.14,-111.59,-7.18,6.11
303.00,5.72,-2.86,12.04,68.70,40.75,76.17,0.59,0.08,0.16,-111.50,-7.39,5.99
303.33,5.83,-2.88,12.13,66.74,45.92,81.28,0.58,0.05,0.19,-111.45,-7.51,6.01
303.67,5.94,-2.88,12.21,63.24,37.36,69.51,0.58,0.04,0.21,-111.43,-7.63,6.01
304.00,5.93,-2.83,12.12,62.87,40.84,73.51,0.59,0.03,0.22,-111.49,-7.70,6.01
304.33,6.04,-2.81,12.17,64.35,47.25,75.33,0.60,0.05,0.20,-111.52,-7.83,6.00
304.67,6.15,-2.80,12.23,67.69,42.02,83.46,0.62,0.14,0.14,-111.51,-7.97,6.00
305.00,6.33,-2.84,12.43,68.34,50.08,81.54,0.65,0.29,0.04,-111.38,-8.01,6.19
305.33,6.44,-2.81,12.49,59.51,44.68,68.29,0.67,0.44,-0.08,-111.27,-8.16,6.22
305.67,6.54,-2.81,12.59,56.79,44.83,66.61,0.67,0.56,-0.16,-111.05,-8.32,6.25
306.00,6.74,-2.90,12.89,45.72,42.13,71.70,0.64,0.64,-0.22,-110.64,-8.21,6.84
306.33,6.83,-2.94,13.03,43.97,41.59,72.70,0.61,0.65,-0.23,-110.29,-8.37,6.90
306.67,6.93,-2.95,13.14,43.53,35.79,82.84,0.58,0.57,-0.17,-110.00,-8.49,6.94
307.00,7.05,-2.98,13.26,50.33,32.94,85.78,0.55,0.41,-0.05,-109.74,-8.63,7.01
307.33,7.16,-2.99,13.35,51.52,33.99,95.30,0.53,0.22,0.08,-109.60,-8.71,7.04
307.67,7.27,-2.97,13.41,43.19,42.51,91.06,0.53,0.10,0.17,-109.57,-8.80,7.07
308.00,7.46,-2.93,13.52,47.98,46.27,78.13,0.54,0.03,0.22,-109.65,-9.04,6.99
308.33,7.56,-2.88,13.54,47.84,34.15,80.30,0.54,0.01,0.24,-109.74,-9.14,6.99
308.67,7.66,-2.87,13.61,50.52,39.25,77.93,0.52,0.04,0.22,-109.75,-9.27,6.99
309.00,7.80,-2.92,13.80,53.50,35.31,74.35,0.46,0.10,0.17,-109.59,-9.37,7.14
309.33,7.87,-2.95,13.91,54.61,38.00,64.48,0.39,0.17,0.12,-109.49,-9.49,7.12
309.67,7.96,-2.98,14.01,48.15,45.37,58.26,0.30,0.17,0.10,-109.37,-9.54,7.11
310.00,8.08,-3.08,14.21,44.78,47.40,54.88,0.19,0.11,0.12,-109.29,-9.54,7.08
310.33,8.18,-3.12,14.32,48.55,47.34,45.85,0.11,0.02,0.17,-109.20,-9.47,7.08
310.67,8.28,-3.12,14.39,49.45,47.26,55.09,0.06,-0.04,0.20,-109.19,-9.36,7.10
311.00,8.37,-3.09,14.42,46.91,39.84,45.72,0.07,-0.09,0.24,-109.23,-9.20,7.16
311.33,8.47,-3.06,14.46,54.67,38.40,49.32,0.11,-0.11,0.25,-109.31,-9.06,7.19
311.67,8.56,-3.06,14.52,59.24,37.36,41.96,0.18,-0.08,0.25,-109.35,-8.97,7.22
312.00,8.64,-3.06,14.61,56.74,24.03,48.65,0.27,-0.01,0.21,-109.35,-8.95,7.26
312.33,8.73,-3.08,14.69,63.68,24.23,52.75,0.37,0.07,0.17,-109.32,-8.95,7.29
312.67,8.82,-3.09,14.77,61.66,20.12,48.99,0.45,0.12,0.15,-109.27,-9.00,7.31
313.00,8.87,-3.07,14.83,64.90,21.88,54.16,0.52,0.16,0.14,-109.19,-9.10,7.28
313.33,8.96,-3.08,14.92,72.61,11.62,46.08,0.56,0.18,0.14,-109.11,-9.23,7.29
313.67,9.06,-3.09,15.01,72.33,16.56,52.30,0.59,0.17,0.15,-109.03,-9.36,7.30
314.00,9.18,-3.16,15.16,61.39,23.92,52.24,0.60,0.14,0.17,-108.95,-9.51,7.39
314.33,9.29,-3.16,15.25,56.87,22.21,57.69,0.60,0.11,0.20,-108.90,-9.65,7.39
314.67,9.39,-3.17,15.33,60.60,22.69,45.63,0.60,0.07,0.22,-108.87,-9.78,7.39
315.00,9.42,-3.10,15.30,58.75,15.03,41.86,0.60,0.03,0.25,-108.85,-9.91,7.35
315.33,9.52,-3.10,15.38,57.67,18.78,39.07,0.60,-0.01,0.28,-108.85,-10.03,7.35
315.67,9.63,-3.11,15.46,62.14,18.41,40.68,0.60,-0.04,0.30,-108.86,-10.16,7.36
316.00,9.73,-3.12,15.56,62.10,21.90,43.82,0.60,-0.07,0.33,-108.87,-10.30,7.36
316.33,9.83,-3.14,15.64,66.03,27.85,38.41,0.60,-0.09,0.35,-108.91,-10.44,7.36
316.67,9.94,-3.15,15.73,64.22,27.49,37.98,0.60,-0.10,0.35,-108.95,-10.57,7.36
317.00,10.06,-3.18,15.84,64.02,33.91,28.77,0.59,-0.11,0.35,-109.00,-10.70,7.40
317.33,10.16,-3.19,15.92,65.62,40.30,26.86,0.58,-0.10,0.35,-109.05,-10.81,7.41
317.67,10.27,-3.21,16.00,65.74,43.75,24.20,0.58,-0.08,0.33,-109.09,-10.92,7.43
318.00,10.40,-3.27,16.13,73.79,45.25,32.91,0.59,-0.04,0.31,-109.11,-11.00,7.52
318.33,10.51,-3.28,16.22,70.18,52.35,44.03,0.60,-0.01,0.28,-109.13,-11.10,7.55
318.67,10.61,-3.30,16.30,68.93,47.63,56.68,0.62,0.02,0.26,-109.13,-11.23,7.57
319.00,10.65,-3.26,16.31,74.71,47.64,58.38,0.64,0.05,0.25,-109.12,-11.38,7.47
319.33,10.75,-3.27,16.40,76.12,34.23,56.84,0.66,0.07,0.24,-109.09,-11.53,7.49
319.67,10.85,-3.28,16.49,77.47,34.59,61.04,0.66,0.09,0.23,-109.06,-11.69,7.50
320.00,10.98,-3.35,16.66,83.01,34.01,65.10,0.64,0.10,0.23,-109.02,-11.82,7.66
320.33,11.08,-3.36,16.75,81.63,26.70,59.79,0.61,0.09,0.23,-108.98,-11.99,7.67
320.67,11.17,-3.38,16.84,87.43,24.05,56.11,0.54,0.06,0.23,-108.94,-12.13,7.67
321.00,11.15,-3.34,16.80,81.49,26.35,67.05,0.44,0.01,0.24,-108.86,-12.32,7.47
321.33,11.23,-3.38,16.89,77.61,25.12,68.96,0.33,-0.06,0.26,-108.83,-12.39,7.48
321.67,11.32,-3.39,16.97,73.51,21.89,77.74,0.25,-0.13,0.28,-108.85,-12.37,7.51
322.00,11.47,-3.43,17.10,74.91,21.04,75.64,0.18,-0.20,0.31,-109.04,-12.26,7.39
322.33,11.58,-3.43,17.16,71.57,11.34,77.55,0.16,-0.25,0.33,-109.14,-12.11,7.46
322.67,11.67,-3.44,17.21,76.37,16.27,80.15,0.18,-0.26,0.34,-109.25,-11.97,7.56
323.00,11.69,-3.42,17.21,78.47,15.06,76.38,0.26,-0.24,0.34,-109.32,-11.90,7.74
323.33,11.77,-3.43,17.27,77.82,8.27,73.66,0.35,-0.19,0.34,-109.42,-11.81,7.87
323.67,11.85,-3.46,17.34,72.63,19.29,73.10,0.42,-0.15,0.32,-109.49,-11.78,7.98
324.00,11.88,-3.49,17.40,83.82,18.08,61.48,0.47,-0.10,0.31,-109.52,-11.81,8.09
324.33,11.94,-3.52,17.49,75.52,14.20,54.03,0.50,-0.06,0.29,-109.54,-11.88,8.17
324.67,12.03,-3.55,17.57,84.54,8.71,60.44,0.51,-0.04,0.28,-109.55,-11.94,8.23
325.00,12.13,-3.57,17.66,86.16,11.20,63.96,0.50,-0.04,0.28,-109.54,-12.00,8.28
325.33,12.23,-3.59,17.74,96.16,14.99,57.54,0.49,-0.03,0.27,-109.55,-12.06,8.31
325.67,12.33,-3.60,17.82,102.59,14.90,58.17,0.47,-0.01,0.26,-109.56,-12.13,8.33
326.00,12.41,-3.59,17.90,99.08,19.25,49.79,0.45,0.02,0.23,-109.54,-12.21,8.34
326.33,12.50,-3.59,17.97,99.71,21.90,58.22,0.44,0.06,0.20,-109.54,-12.30,8.34
326.67,12.60,-3.60,18.06,105.67,22.86,63.35,0.44,0.10,0.18,-109.49,-12.37,8.35
327.00,12.72,-3.64,18.21,111.27,20.40,51.44,0.43,0.13,0.15,-109.38,-12.38,8.40
327.33,12.82,-3.67,18.31,109.25,23.79,44.70,0.44,0.15,0.14,-109.29,-12.44,8.41
327.67,12.92,-3.69,18.40,110.93,28.12,43.29,0.46,0.14,0.15,-109.21,-12.51,8.42
328.00,12.99,-3.72,18.50,116.84,31.77,41.35,0.48,0.10,0.18,-109.12,-12.61,8.44
328.33,13.08,-3.73,18.58,115.17,33.47,46.40,0.50,0.07,0.21,-109.08,-12.71,8.44
328.67,13.17,-3.74,18.65,114.47,30.30,45.49,0.49,0.05,0.23,-109.07,-12.83,8.44
329.00,13.29,-3.72,18.77,115.08,28.86,49.64,0.46,0.05,0.22,-109.04,-12.96,8.43
329.33,13.36,-3.71,18.83,110.44,21.41,43.43,0.41,0.06,0.21,-109.05,-13.07,8.42
329.67,13.45,-3.71,18.91,115.34,25.33,47.86,0.36,0.07,0.19,-109.01,-13.14,8.40
330.00,13.58,-3.79,19.09,121.15,26.79,46.16,0.31,0.08,0.17,-108.94,-13.12,8.46
330.33,13.68,-3.81,19.19,115.41,25.01,48.86,0.27,0.10,0.15,-108.86,-13.13,8.44
330.67,13.77,-3.82,19.28,118.79,20.23,43.91,0.26,0.10,0.15,-108.80,-13.13,8.43
331.00,13.82,-3.79,19.31,113.29,19.28,36.42,0.29,0.10,0.15,-108.74,-13.11,8.43
331.33,13.91,-3.79,19.39,103.66,24.16,43.14,0.31,0.08,0.17,-108.70,-13.12,8.43
331.67,13.98,-3.81,19.48,99.69,27.55,38.31,0.30,0.04,0.19,-108.65,-13.17,8.44
332.00,13.99,-3.84,19.56,105.21,26.50,43.24,0.24,-0.02,0.22,-108.58,-13.25,8.44
332.33,14.02,-3.89,19.65,106.90,19.50,56.67,0.16,-0.09,0.24,-108.56,-13.28,8.47
332.67,14.08,-3.91,19.72,106.32,28.32,57.69,0.05,-0.16,0.26,-108.58,-13.21,8.51
333.00,14.14,-3.92,19.79,107.44,33.56,55.42,-0.10,-0.23,0.28,-108.66,-13.05,8.53
333.33,14.22,-3.92,19.85,101.44,33.25,56.24,-0.22,-0.27,0.29,-108.75,-12.81,8.59
333.67,14.29,-3.92,19.91,99.89,33.94,54.50,-0.26,-0.26,0.27,-108.84,-12.54,8.66
334.00,14.39,-3.93,20.03,94.47,23.09,71.16,-0.24,-0.20,0.24,-108.94,-12.25,8.68
334.33,14.47,-3.93,20.09,101.62,21.13,70.55,-0.17,-0.11,0.19,-108.99,-11.96,8.74
334.67,14.53,-3.94,20.17,103.12,23.32,64.99,-0.08,-0.02,0.15,-108.98,-11.78,8.79
335.00,14.50,-3.95,20.20,103.80,23.88,68.65,0.04,0.08,0.11,-108.97,-11.69,8.74
335.33,14.54,-3.98,20.29,111.57,23.16,62.15,0.16,0.16,0.09,-108.87,-11.67,8.76
335.67,14.60,-4.00,20.38,111.83,19.86,66.58,0.23,0.20,0.07,-108.76,-11.68,8.77
336.00,14.62,-3.98,20.44,114.12,18.75,69.98,0.26,0.21,0.07,-108.63,-11.71,8.77
336.33,14.68,-3.99,20.52,113.89,14.33,73.96,0.27,0.20,0.09,-108.52,-11.76,8.77
336.67,14.75,-4.01,20.61,113.92,6.42,68.74,0.25,0.17,0.10,-108.42,-11.79,8.78
337.00,14.78,-4.03,20.69,107.10,5.58,70.48,0.22,0.13,0.13,-108.31,-11.80,8.80
337.33,14.85,-4.05,20.77,108.27,11.88,65.10,0.17,0.08,0.15,-108.24,-11.79,8.81
337.67,14.92,-4.05,20.85,103.69,10.77,69.66,0.14,0.03,0.18,-108.20,-11.76,8.82
338.00,14.98,-4.06,20.93,101.88,18.08,74.92,0.11,-0.01,0.20,-108.15,-11.70,8.83
338.33,15.06,-4.07,21.00,106.34,26.94,84.10,0.09,-0.04,0.22,-108.15,-11.63,8.83
338.67,15.13,-4.08,21.08,114.17,17.08,85.32,0.09,-0.06,0.23,-108.15,-11.58,8.82
339.00,15.17,-4.10,21.16,120.15,15.05,95.02,0.10,-0.08,0.25,-108.13,-11.52,8.81
